SNP1,SNP2,SNP3,SNP4,SNP5,SNP6,SNP7,SNP8,SNP9,SNP10,SNP11,SNP12,SNP13,SNP14,SNP15,SNP16,SNP17,SNP18,SNP19,SNP20,SNP21,SNP22,SNP23,SNP24,SNP25,SNP26,SNP27,SNP28,SNP29,SNP30,Label
G,C,G,G,G,C,A,G,G,T,G,G,G,G,C,G,C,C,C,G,T,A,T,C,C,T,T,T,C,C,Wild
A,A,G,T,T,A,C,G,A,G,G,G,T,C,C,G,C,G,T,T,G,T,G,C,G,C,C,A,G,A,Wild
G,G,G,A,G,T,C,G,C,T,T,T,A,T,A,G,C,C,G,C,G,C,A,C,G,G,T,A,C,T,Wild
C,C,G,T,T,T,T,G,T,A,G,T,T,C,T,G,T,C,T,G,C,G,C,T,G,C,A,T,C,A,Wild
C,A,A,G,A,C,T,A,C,C,C,A,A,A,G,A,A,A,G,A,C,A,C,C,C,G,G,G,A,C,Domestic
G,G,A,G,A,T,G,A,A,C,G,A,C,C,T,A,C,G,G,T,C,A,G,C,C,T,G,G,A,G,Domestic
A,G,G,G,A,A,T,G,G,T,G,G,A,G,G,G,T,C,A,G,G,C,G,A,C,A,C,C,T,A,Wild
G,G,A,G,G,A,C,A,C,G,G,G,T,C,T,A,A,T,A,A,T,C,C,C,C,C,T,T,G,C,Domestic
T,G,G,A,G,T,A,G,A,G,T,A,C,A,A,G,G,T,C,G,A,T,A,A,G,T,C,C,G,G,Wild
T,C,A,C,A,C,A,A,A,T,C,C,T,G,T,A,A,A,A,C,A,G,A,T,T,C,T,G,A,C,Domestic
A,A,G,T,T,A,C,G,C,T,C,G,C,G,G,G,G,A,G,T,C,A,C,T,T,T,G,G,C,C,Wild
A,A,G,G,T,C,A,G,C,C,G,C,G,T,G,G,G,C,C,G,C,A,A,C,C,G,T,C,A,G,Wild
C,A,A,T,G,G,T,A,G,G,C,C,T,C,A,A,C,A,T,A,C,T,C,A,A,C,G,G,A,A,Domestic
G,G,A,C,G,C,C,A,C,A,C,C,G,A,C,A,T,C,C,T,G,C,T,A,G,A,A,T,C,T,Domestic
T,T,G,G,C,A,A,G,A,C,A,T,A,C,C,G,C,C,G,G,A,C,A,C,C,G,G,T,G,T,Wild
T,T,G,T,A,G,T,G,G,G,T,A,T,A,C,G,C,A,A,C,A,C,G,C,G,C,A,C,A,C,Wild
C,T,A,T,A,T,G,A,A,A,C,A,A,T,A,A,G,C,A,C,G,A,A,C,G,A,C,G,C,T,Domestic
A,T,A,T,T,G,C,A,C,T,C,G,T,G,T,A,G,T,T,T,A,C,A,A,G,T,C,G,A,T,Domestic
G,T,G,T,A,C,A,G,T,G,A,C,A,C,A,G,C,T,C,T,C,G,G,G,C,T,T,C,G,G,Wild
T,G,A,T,G,T,A,A,T,T,T,A,C,T,T,A,T,G,C,A,A,C,A,C,C,C,A,G,C,T,Domestic
A,C,G,T,G,G,G,G,C,C,A,T,C,T,T,G,A,C,G,G,C,T,G,T,A,T,A,T,G,G,Wild
A,C,G,A,T,T,A,G,T,C,T,T,C,A,C,G,A,A,C,A,G,C,G,A,T,A,G,G,C,T,Wild
C,G,G,T,A,A,T,G,A,G,A,T,T,T,C,G,C,C,T,T,C,A,G,C,A,T,T,A,G,T,Wild
T,T,G,C,T,C,G,G,T,G,T,C,A,C,A,G,C,C,C,C,G,T,A,C,C,C,G,C,C,C,Wild
T,G,A,A,A,A,G,A,A,C,G,A,A,C,T,A,C,A,A,C,G,T,T,A,G,T,G,G,A,T,Domestic
C,A,A,T,T,T,T,A,A,G,C,T,A,T,A,A,A,C,C,A,A,A,A,C,T,A,A,C,C,G,Domestic
A,G,A,C,T,A,G,A,C,G,T,C,A,C,A,A,A,G,A,G,A,T,A,A,T,C,C,A,T,A,Domestic
G,G,A,C,C,A,A,A,C,A,G,C,T,G,C,A,G,T,G,C,A,A,G,C,A,C,G,A,C,A,Domestic
G,C,A,G,A,A,T,A,G,T,G,T,A,G,G,A,G,G,T,G,C,A,T,T,C,A,A,T,G,T,Domestic
A,C,A,A,T,G,T,A,A,A,A,T,G,C,C,A,A,T,C,A,G,G,A,A,C,C,T,C,G,G,Domestic
A,C,A,G,G,T,T,A,G,T,G,A,A,T,C,A,T,C,C,C,A,G,A,G,A,G,A,C,T,A,Domestic
G,C,G,A,C,A,T,G,T,T,C,A,C,A,A,G,A,C,T,A,G,C,A,C,G,G,C,A,T,G,Wild
A,A,A,G,G,A,A,A,T,G,C,G,A,G,C,A,C,C,C,T,C,C,C,A,C,T,C,C,T,C,Domestic
T,C,A,C,C,A,A,A,C,G,T,G,A,A,A,A,C,A,C,C,A,A,T,G,A,T,T,G,C,A,Domestic
G,A,G,T,C,T,T,G,A,A,G,C,A,T,A,G,C,G,A,G,A,T,G,A,T,G,G,A,A,A,Wild
T,A,A,G,A,A,C,A,T,C,A,A,G,A,T,A,A,G,A,A,A,T,T,G,A,A,T,A,T,A,Domestic
G,A,A,C,T,A,A,A,C,T,C,G,C,G,T,A,T,T,T,G,G,T,C,A,T,C,A,T,T,G,Domestic
A,A,G,G,G,G,G,G,A,T,T,G,G,G,T,G,C,T,T,T,T,T,T,G,G,G,G,T,C,A,Wild
T,A,A,G,C,T,G,A,G,A,A,A,C,T,C,A,T,A,C,C,C,A,T,T,A,T,A,T,G,G,Domestic
C,G,A,G,A,G,G,A,G,G,T,C,C,C,C,A,C,A,G,C,G,G,A,C,T,A,T,G,G,A,Domestic
A,T,A,T,A,T,A,A,A,A,A,C,T,T,T,A,T,T,A,G,A,T,A,G,A,T,G,C,T,G,Domestic
G,C,G,A,T,C,A,G,A,G,A,C,G,G,G,G,T,T,T,C,G,T,C,T,A,T,T,G,C,G,Wild
G,G,A,G,T,G,G,A,A,T,T,T,G,G,G,A,A,G,A,C,T,G,A,A,G,T,T,T,C,A,Domestic
A,A,A,A,C,T,G,A,A,T,G,C,G,T,T,A,C,C,A,C,G,T,A,A,T,C,T,C,T,G,Domestic
C,G,G,T,A,A,A,G,T,A,T,T,G,C,C,G,G,T,T,T,G,C,G,A,G,G,G,G,C,A,Wild
C,C,A,T,T,C,C,A,C,G,T,T,A,T,C,A,G,T,A,T,G,G,C,T,G,A,C,A,T,T,Domestic
T,C,G,C,A,C,A,G,G,A,T,T,C,T,A,G,G,G,C,A,G,G,A,T,T,C,T,A,G,T,Wild
C,T,G,C,T,C,A,G,A,A,A,A,G,G,C,G,G,G,T,G,A,A,T,C,C,T,T,A,C,G,Wild
A,T,A,G,G,A,C,A,T,C,C,A,C,G,A,A,T,C,T,G,A,A,A,G,G,T,T,T,C,A,Domestic
A,T,G,T,C,C,G,G,T,C,G,A,T,A,G,G,G,A,A,A,A,G,G,T,T,A,C,C,G,G,Wild
G,T,G,G,G,G,C,G,C,C,G,G,A,A,C,G,G,G,C,A,T,A,A,A,A,G,G,A,T,C,Wild
T,T,A,A,G,T,A,A,T,A,G,G,C,A,C,A,C,G,A,C,A,A,G,C,C,A,T,G,G,G,Domestic
G,C,G,T,G,G,A,G,G,T,T,C,T,T,C,G,G,T,T,G,C,T,A,C,T,T,A,A,G,C,Wild
C,G,G,C,C,C,C,G,C,A,C,G,T,A,C,G,T,A,T,G,A,T,C,A,T,G,G,A,T,A,Wild
A,T,A,C,T,G,A,A,G,T,G,G,C,G,A,A,A,A,A,T,C,A,A,T,A,G,G,C,A,T,Domestic
G,T,A,G,T,G,T,A,A,C,G,G,C,G,G,A,C,A,G,C,T,A,C,A,A,A,G,G,T,T,Domestic
C,T,A,A,G,A,C,A,A,C,T,T,C,G,A,A,A,G,A,C,A,T,G,G,G,C,G,T,C,T,Domestic
A,A,G,A,T,C,C,G,T,A,T,G,G,T,T,G,C,A,T,T,T,G,G,C,A,C,A,G,G,G,Wild
C,T,A,G,T,T,C,A,G,G,C,C,T,G,A,A,A,A,G,G,C,G,G,G,A,C,T,A,G,A,Domestic
G,G,G,C,G,C,T,G,C,C,T,C,C,T,G,G,C,C,A,T,A,T,G,G,C,T,G,T,G,A,Wild
G,A,G,C,A,G,C,G,C,T,T,A,G,A,C,G,T,G,T,G,G,G,C,C,A,A,T,C,T,A,Wild
T,A,G,G,C,T,T,G,C,A,T,T,C,G,T,G,C,C,A,T,G,A,T,A,C,T,A,A,G,A,Wild
T,T,G,T,C,T,T,G,A,T,G,A,G,T,T,G,A,T,C,A,T,T,A,A,A,T,T,C,G,A,Wild
T,T,G,G,A,G,T,G,C,T,C,A,A,A,G,G,A,A,T,A,C,T,T,T,C,T,C,T,G,A,Wild
G,A,G,G,T,A,A,G,C,G,C,C,A,G,G,G,G,T,T,G,G,C,T,T,A,C,A,T,C,G,Wild
C,G,G,C,G,A,T,G,A,G,T,A,T,T,A,G,A,C,A,A,A,A,G,C,T,A,G,G,G,T,Wild
A,C,A,G,T,T,T,A,G,A,C,G,G,A,A,A,T,A,G,A,G,C,T,C,C,G,C,G,A,A,Domestic
G,A,A,C,T,C,A,A,A,C,G,G,T,A,A,A,G,C,T,C,G,A,G,T,A,T,T,G,T,G,Domestic
A,G,G,G,C,C,T,G,G,A,T,G,T,C,G,G,T,G,T,G,A,T,G,C,G,C,C,A,T,G,Wild
A,G,G,T,G,G,C,G,G,C,A,C,A,T,A,G,T,A,C,A,T,C,T,T,G,G,T,T,T,G,Wild
G,A,A,T,C,C,G,A,G,T,C,A,T,A,A,A,A,C,A,C,C,C,G,A,T,T,A,G,G,C,Domestic
A,A,G,A,G,A,T,G,T,T,C,T,T,A,A,G,A,A,T,G,A,G,A,A,C,C,C,G,T,A,Wild
A,A,A,C,T,G,C,A,T,C,G,T,A,T,A,A,C,C,G,C,C,A,G,T,A,G,A,T,T,G,Domestic
T,A,A,A,A,T,G,A,T,A,A,T,G,G,A,A,G,C,T,A,A,G,T,G,T,T,T,A,C,G,Domestic
C,G,A,A,C,A,G,A,A,C,T,A,T,G,A,A,G,G,C,A,A,G,A,T,C,T,A,G,C,A,Domestic
A,G,G,T,C,C,G,G,C,G,A,C,T,T,T,G,C,C,A,C,A,A,A,T,C,A,C,T,A,G,Wild
T,G,G,C,T,C,G,G,A,A,T,C,G,C,C,G,A,G,G,C,A,A,G,A,A,A,T,C,G,G,Wild
T,C,A,A,G,A,T,A,G,G,G,T,T,C,G,A,T,G,G,T,C,T,T,A,A,C,G,T,C,A,Domestic
T,G,A,A,A,C,G,A,C,C,C,A,G,C,T,A,T,G,T,A,C,T,G,C,C,G,T,A,A,T,Domestic
C,C,A,C,T,C,G,A,A,C,T,A,T,T,A,A,T,C,G,T,T,T,C,G,A,C,C,G,G,C,Domestic
A,C,A,A,G,A,T,A,G,C,G,G,T,G,T,A,T,T,A,C,A,G,A,A,G,G,G,A,A,G,Domestic
C,C,A,G,T,C,T,A,G,G,A,T,C,C,C,A,A,G,C,A,G,C,T,G,A,A,G,G,A,T,Domestic
C,T,G,T,A,G,C,G,A,C,C,T,G,C,C,G,C,C,T,A,A,A,A,C,G,G,T,T,C,G,Wild
G,A,A,C,A,C,C,A,G,C,T,G,A,T,T,A,A,T,C,C,C,A,T,C,A,C,G,T,T,A,Domestic
A,T,G,C,G,C,A,G,C,A,T,T,C,T,T,G,G,T,C,G,A,A,A,C,T,A,C,G,T,G,Wild
C,A,A,C,A,T,C,A,C,T,T,C,C,A,T,A,C,T,C,A,T,A,A,A,A,T,A,A,C,T,Domestic
T,G,G,T,G,T,T,G,T,G,T,T,G,C,A,G,G,A,G,G,T,A,T,A,G,G,C,A,T,C,Wild
C,C,G,C,T,C,T,G,G,G,G,G,C,C,C,G,T,T,T,G,G,G,A,C,T,T,G,T,T,C,Wild
G,C,G,A,A,G,T,G,G,T,C,A,C,A,G,G,G,C,G,C,T,T,T,G,T,A,C,C,A,G,Wild
G,C,G,G,G,A,A,G,G,G,A,G,C,A,T,G,G,T,A,C,C,A,C,C,C,T,C,C,C,T,Wild
A,G,G,A,C,T,A,G,C,C,T,G,T,C,T,G,T,G,G,T,T,A,C,G,A,T,C,A,G,A,Wild
G,T,G,C,C,T,G,G,C,T,T,T,G,A,A,G,A,A,T,T,C,A,G,T,C,G,A,C,T,G,Wild
T,A,A,A,A,C,T,A,A,A,G,A,C,C,C,A,A,G,G,G,G,T,G,T,T,C,T,A,T,C,Domestic
T,A,G,A,C,C,G,G,A,A,C,T,C,C,A,G,A,G,A,C,A,A,A,C,C,C,C,G,G,T,Wild
C,G,A,C,T,T,T,A,G,A,C,T,A,A,G,A,T,A,A,G,A,A,A,G,T,C,T,C,A,T,Domestic
C,G,G,T,T,A,T,G,A,G,G,C,G,G,T,G,C,T,C,G,C,T,A,C,C,T,T,C,G,C,Wild
T,A,G,G,C,A,C,G,A,G,T,G,T,A,G,G,T,G,T,T,T,T,A,T,C,G,C,A,C,G,Wild
C,A,A,C,A,A,G,A,C,T,A,C,A,A,T,A,C,T,T,C,T,G,A,A,A,A,C,A,A,A,Domestic
A,G,G,G,C,T,A,G,T,C,T,G,T,T,T,G,A,G,G,A,G,A,C,T,T,G,A,A,G,A,Wild
C,T,A,G,A,G,C,A,A,A,A,C,A,G,C,A,T,G,G,C,T,T,T,T,T,A,G,A,T,C,Domestic
