SNP1,SNP2,SNP3,SNP4,SNP5,SNP6,SNP7,Label
A,G,T,C,A,A,C,Domestic
G,G,T,C,T,A,G,Domestic
A,A,T,C,A,A,C,Domestic
A,G,T,C,A,A,G,Domestic
C,A,T,G,C,T,G,Wild
A,G,T,C,A,A,C,Domestic
G,G,T,C,T,A,C,Domestic
A,A,T,C,A,A,G,Domestic
A,G,T,C,A,A,C,Domestic
G,G,T,C,T,A,G,Domestic
A,A,T,C,A,T,C,Domestic
C,G,C,T,G,T,G,Wild
C,A,T,G,C,T,G,Wild
A,G,T,C,A,A,C,Domestic
T,A,C,T,G,T,C,Wild
C,A,T,G,C,T,G,Wild
C,G,C,T,G,T,C,Wild
T,A,C,T,G,T,G,Wild
C,A,T,G,C,T,C,Wild
C,G,C,T,G,T,G,Wild
T,A,C,T,G,T,C,Wild
C,A,T,G,C,T,G,Wild
A,G,T,C,A,A,C,Domestic
G,G,T,C,T,A,G,Domestic
A,A,T,C,A,A,C,Domestic
A,G,T,C,A,A,G,Domestic
G,G,T,C,T,A,C,Domestic
A,A,T,C,A,A,G,Domestic
A,G,T,C,A,A,C,Domestic
G,G,T,C,T,A,G,Domestic
A,A,T,C,A,T,C,Domestic
C,G,C,T,G,T,G,Wild
T,A,C,T,G,T,C,Wild
C,A,T,G,C,T,G,Wild
C,G,C,T,G,T,C,Wild
T,A,C,T,G,T,G,Wild
C,A,T,G,C,T,C,Wild
C,G,C,T,G,T,G,Wild
T,A,C,T,G,T,C,Wild
C,A,T,G,C,T,G,Wild
A,G,T,C,A,A,C,Domestic
G,G,T,C,T,A,G,Domestic
A,A,T,C,A,A,C,Domestic
A,G,T,C,A,A,G,Domestic
G,G,T,C,T,A,C,Domestic
A,A,T,C,A,A,G,Domestic
A,G,T,C,A,A,C,Domestic
G,G,T,C,T,A,G,Domestic
A,A,T,C,A,T,C,Domestic
C,G,C,T,G,T,G,Wild
T,A,C,T,G,T,C,Wild
C,A,T,G,C,T,G,Wild
C,G,C,T,G,T,C,Wild
C,A,T,G,C,T,G,Wild
A,G,T,C,A,A,C,Domestic
T,A,C,T,G,T,G,Wild
C,A,T,G,C,T,C,Wild
C,G,C,T,G,T,G,Wild
T,A,C,T,G,T,C,Wild
C,A,T,G,C,T,G,Wild
A,G,T,C,A,A,C,Domestic
G,G,T,C,T,A,G,Domestic
A,A,T,C,A,A,C,Domestic
A,G,T,C,A,A,G,Domestic
G,G,T,C,T,A,C,Domestic
A,A,T,C,A,A,G,Domestic
A,G,T,C,A,A,C,Domestic
G,G,T,C,T,A,G,Domestic
A,A,T,C,A,T,C,Domestic
C,G,C,T,G,T,G,Wild
T,A,C,T,G,T,C,Wild
C,A,T,G,C,T,G,Wild
C,G,C,T,G,T,C,Wild
T,A,C,T,G,T,G,Wild
C,A,T,G,C,T,C,Wild
C,G,C,T,G,T,G,Wild
T,A,C,T,G,T,C,Wild
C,A,T,G,C,T,G,Wild
C,A,T,G,C,T,G,Wild
A,G,T,C,A,A,C,Domestic
A,G,T,C,A,A,C,Domestic
G,G,T,C,T,A,G,Domestic
A,A,T,C,A,A,C,Domestic
A,G,T,C,A,A,G,Domestic
G,G,T,C,T,A,C,Domestic
A,A,T,C,A,A,G,Domestic
A,G,T,C,A,A,C,Domestic
G,G,T,C,T,A,G,Domestic
A,A,T,C,A,T,C,Domestic
C,G,C,T,G,T,G,Wild
T,A,C,T,G,T,C,Wild
C,A,T,G,C,T,G,Wild
C,G,C,T,G,T,C,Wild
T,A,C,T,G,T,G,Wild
C,A,T,G,C,T,C,Wild
C,G,C,T,G,T,G,Wild
T,A,C,T,G,T,C,Wild
C,A,T,G,C,T,G,Wild